-- ShopDDS 初始数据（自动从原 CSV 生成）
-- 注意: 密码字段为明文，应用首启时由 PasswordMigrationRunner 自动迁移为 BCrypt 哈希。

-- commodity
INSERT IGNORE INTO commodity (commodity_Id, commodity_Barcode, commodity_Name, commodity_Class, commodity_Unit, commodity_Price) VALUES ('c001', '6901234560001', '可口可乐500ml', '饮料', '瓶', 3);
INSERT IGNORE INTO commodity (commodity_Id, commodity_Barcode, commodity_Name, commodity_Class, commodity_Unit, commodity_Price) VALUES ('c002', '6901234560002', '百事可乐500ml', '饮料', '瓶', 2.9);
INSERT IGNORE INTO commodity (commodity_Id, commodity_Barcode, commodity_Name, commodity_Class, commodity_Unit, commodity_Price) VALUES ('c003', '6901234560003', '农夫山泉550ml', '饮用水', '瓶', 2);
INSERT IGNORE INTO commodity (commodity_Id, commodity_Barcode, commodity_Name, commodity_Class, commodity_Unit, commodity_Price) VALUES ('c004', '6901234560004', '怡宝550ml', '饮用水', '瓶', 1.9);
INSERT IGNORE INTO commodity (commodity_Id, commodity_Barcode, commodity_Name, commodity_Class, commodity_Unit, commodity_Price) VALUES ('c005', '6901234560005', '康师傅冰红茶500ml', '饮料', '瓶', 3.5);
INSERT IGNORE INTO commodity (commodity_Id, commodity_Barcode, commodity_Name, commodity_Class, commodity_Unit, commodity_Price) VALUES ('c006', '6901234560006', '统一绿茶500ml', '饮料', '瓶', 3.3);
INSERT IGNORE INTO commodity (commodity_Id, commodity_Barcode, commodity_Name, commodity_Class, commodity_Unit, commodity_Price) VALUES ('c007', '6901234560007', '王老吉310ml', '饮料', '罐', 4);
INSERT IGNORE INTO commodity (commodity_Id, commodity_Barcode, commodity_Name, commodity_Class, commodity_Unit, commodity_Price) VALUES ('c008', '6901234560008', '加多宝310ml', '饮料', '罐', 3.8);
INSERT IGNORE INTO commodity (commodity_Id, commodity_Barcode, commodity_Name, commodity_Class, commodity_Unit, commodity_Price) VALUES ('c009', '6901234560009', '雪碧500ml', '饮料', '瓶', 2.8);
INSERT IGNORE INTO commodity (commodity_Id, commodity_Barcode, commodity_Name, commodity_Class, commodity_Unit, commodity_Price) VALUES ('c010', '6901234560010', '芬达橙味500ml', '饮料', '瓶', 2.7);
INSERT IGNORE INTO commodity (commodity_Id, commodity_Barcode, commodity_Name, commodity_Class, commodity_Unit, commodity_Price) VALUES ('c011', '6901234560011', '康师傅红烧牛肉面', '速食', '桶', 4.5);
INSERT IGNORE INTO commodity (commodity_Id, commodity_Barcode, commodity_Name, commodity_Class, commodity_Unit, commodity_Price) VALUES ('c012', '6901234560012', '康师傅酸菜牛肉面', '速食', '桶', 4.5);
INSERT IGNORE INTO commodity (commodity_Id, commodity_Barcode, commodity_Name, commodity_Class, commodity_Unit, commodity_Price) VALUES ('c013', '6901234560013', '统一老坛酸菜面', '速食', '桶', 4.3);
INSERT IGNORE INTO commodity (commodity_Id, commodity_Barcode, commodity_Name, commodity_Class, commodity_Unit, commodity_Price) VALUES ('c014', '6901234560014', '统一红烧牛肉面', '速食', '桶', 4.2);
INSERT IGNORE INTO commodity (commodity_Id, commodity_Barcode, commodity_Name, commodity_Class, commodity_Unit, commodity_Price) VALUES ('c015', '6901234560015', '白象大骨面', '速食', '桶', 4);
INSERT IGNORE INTO commodity (commodity_Id, commodity_Barcode, commodity_Name, commodity_Class, commodity_Unit, commodity_Price) VALUES ('c016', '6901234560016', '白象火鸡面', '速食', '桶', 4.8);
INSERT IGNORE INTO commodity (commodity_Id, commodity_Barcode, commodity_Name, commodity_Class, commodity_Unit, commodity_Price) VALUES ('c017', '6901234560017', '今麦郎红烧牛肉面', '速食', '桶', 3.9);
INSERT IGNORE INTO commodity (commodity_Id, commodity_Barcode, commodity_Name, commodity_Class, commodity_Unit, commodity_Price) VALUES ('c018', '6901234560018', '今麦郎辣白菜面', '速食', '桶', 4);
INSERT IGNORE INTO commodity (commodity_Id, commodity_Barcode, commodity_Name, commodity_Class, commodity_Unit, commodity_Price) VALUES ('c019', '6901234560019', '合味道海鲜味', '速食', '杯', 5.5);
INSERT IGNORE INTO commodity (commodity_Id, commodity_Barcode, commodity_Name, commodity_Class, commodity_Unit, commodity_Price) VALUES ('c020', '6901234560020', '合味道叉烧味', '速食', '杯', 5.5);
INSERT IGNORE INTO commodity (commodity_Id, commodity_Barcode, commodity_Name, commodity_Class, commodity_Unit, commodity_Price) VALUES ('c021', '6901234560021', '乐事原味薯片', '零食', '袋', 5.8);
INSERT IGNORE INTO commodity (commodity_Id, commodity_Barcode, commodity_Name, commodity_Class, commodity_Unit, commodity_Price) VALUES ('c022', '6901234560022', '乐事番茄味薯片', '零食', '袋', 5.8);
INSERT IGNORE INTO commodity (commodity_Id, commodity_Barcode, commodity_Name, commodity_Class, commodity_Unit, commodity_Price) VALUES ('c023', '6901234560023', '可比克原味薯片', '零食', '袋', 4.5);
INSERT IGNORE INTO commodity (commodity_Id, commodity_Barcode, commodity_Name, commodity_Class, commodity_Unit, commodity_Price) VALUES ('c024', '6901234560024', '可比克烧烤味薯片', '零食', '袋', 4.5);
INSERT IGNORE INTO commodity (commodity_Id, commodity_Barcode, commodity_Name, commodity_Class, commodity_Unit, commodity_Price) VALUES ('c025', '6901234560025', '上好佳虾条', '零食', '袋', 3);
INSERT IGNORE INTO commodity (commodity_Id, commodity_Barcode, commodity_Name, commodity_Class, commodity_Unit, commodity_Price) VALUES ('c026', '6901234560026', '上好佳薯片', '零食', '袋', 3);
INSERT IGNORE INTO commodity (commodity_Id, commodity_Barcode, commodity_Name, commodity_Class, commodity_Unit, commodity_Price) VALUES ('c027', '6901234560027', '恰恰原味瓜子', '零食', '袋', 8);
INSERT IGNORE INTO commodity (commodity_Id, commodity_Barcode, commodity_Name, commodity_Class, commodity_Unit, commodity_Price) VALUES ('c028', '6901234560028', '恰恰焦糖瓜子', '零食', '袋', 8.5);
INSERT IGNORE INTO commodity (commodity_Id, commodity_Barcode, commodity_Name, commodity_Class, commodity_Unit, commodity_Price) VALUES ('c029', '6901234560029', '三只松鼠碧根果', '零食', '袋', 25.8);
INSERT IGNORE INTO commodity (commodity_Id, commodity_Barcode, commodity_Name, commodity_Class, commodity_Unit, commodity_Price) VALUES ('c030', '6901234560030', '三只松鼠夏威夷果', '零食', '袋', 28.9);
INSERT IGNORE INTO commodity (commodity_Id, commodity_Barcode, commodity_Name, commodity_Class, commodity_Unit, commodity_Price) VALUES ('c031', '6901234560031', '伊利纯牛奶250ml', '乳制品', '盒', 2.5);
INSERT IGNORE INTO commodity (commodity_Id, commodity_Barcode, commodity_Name, commodity_Class, commodity_Unit, commodity_Price) VALUES ('c032', '6901234560032', '蒙牛纯牛奶250ml', '乳制品', '盒', 2.4);
INSERT IGNORE INTO commodity (commodity_Id, commodity_Barcode, commodity_Name, commodity_Class, commodity_Unit, commodity_Price) VALUES ('c033', '6901234560033', '伊利安慕希原味', '乳制品', '瓶', 4.5);
INSERT IGNORE INTO commodity (commodity_Id, commodity_Barcode, commodity_Name, commodity_Class, commodity_Unit, commodity_Price) VALUES ('c034', '6901234560034', '伊利安慕希草莓味', '乳制品', '瓶', 4.5);
INSERT IGNORE INTO commodity (commodity_Id, commodity_Barcode, commodity_Name, commodity_Class, commodity_Unit, commodity_Price) VALUES ('c035', '6901234560035', '蒙牛特仑苏纯牛奶', '乳制品', '盒', 3.8);
INSERT IGNORE INTO commodity (commodity_Id, commodity_Barcode, commodity_Name, commodity_Class, commodity_Unit, commodity_Price) VALUES ('c036', '6901234560036', '蒙牛优益C', '乳制品', '瓶', 3);
INSERT IGNORE INTO commodity (commodity_Id, commodity_Barcode, commodity_Name, commodity_Class, commodity_Unit, commodity_Price) VALUES ('c037', '6901234560037', '光明纯牛奶', '乳制品', '盒', 2.3);
INSERT IGNORE INTO commodity (commodity_Id, commodity_Barcode, commodity_Name, commodity_Class, commodity_Unit, commodity_Price) VALUES ('c038', '6901234560038', '光明莫斯利安', '乳制品', '盒', 4);
INSERT IGNORE INTO commodity (commodity_Id, commodity_Barcode, commodity_Name, commodity_Class, commodity_Unit, commodity_Price) VALUES ('c039', '6901234560039', '君乐宝优萃', '乳制品', '盒', 3.5);
INSERT IGNORE INTO commodity (commodity_Id, commodity_Barcode, commodity_Name, commodity_Class, commodity_Unit, commodity_Price) VALUES ('c040', '6901234560040', '君乐宝开啡尔', '乳制品', '盒', 3.8);
INSERT IGNORE INTO commodity (commodity_Id, commodity_Barcode, commodity_Name, commodity_Class, commodity_Unit, commodity_Price) VALUES ('c041', '6901234560041', '舒肤佳香皂', '日用品', '块', 4.5);
INSERT IGNORE INTO commodity (commodity_Id, commodity_Barcode, commodity_Name, commodity_Class, commodity_Unit, commodity_Price) VALUES ('c042', '6901234560042', '力士香皂', '日用品', '块', 4.2);
INSERT IGNORE INTO commodity (commodity_Id, commodity_Barcode, commodity_Name, commodity_Class, commodity_Unit, commodity_Price) VALUES ('c043', '6901234560043', '飘柔洗发水750ml', '日用品', '瓶', 35.8);
INSERT IGNORE INTO commodity (commodity_Id, commodity_Barcode, commodity_Name, commodity_Class, commodity_Unit, commodity_Price) VALUES ('c044', '6901234560044', '海飞丝洗发水750ml', '日用品', '瓶', 38.9);
INSERT IGNORE INTO commodity (commodity_Id, commodity_Barcode, commodity_Name, commodity_Class, commodity_Unit, commodity_Price) VALUES ('c045', '6901234560045', '潘婷洗发水750ml', '日用品', '瓶', 36.5);
INSERT IGNORE INTO commodity (commodity_Id, commodity_Barcode, commodity_Name, commodity_Class, commodity_Unit, commodity_Price) VALUES ('c046', '6901234560046', '立白洗衣液1kg', '日用品', '瓶', 15.8);
INSERT IGNORE INTO commodity (commodity_Id, commodity_Barcode, commodity_Name, commodity_Class, commodity_Unit, commodity_Price) VALUES ('c047', '6901234560047', '蓝月亮洗衣液1kg', '日用品', '瓶', 18.9);
INSERT IGNORE INTO commodity (commodity_Id, commodity_Barcode, commodity_Name, commodity_Class, commodity_Unit, commodity_Price) VALUES ('c048', '6901234560048', '维达抽纸', '日用品', '提', 19.9);
INSERT IGNORE INTO commodity (commodity_Id, commodity_Barcode, commodity_Name, commodity_Class, commodity_Unit, commodity_Price) VALUES ('c049', '6901234560049', '心相印抽纸', '日用品', '提', 20.5);
INSERT IGNORE INTO commodity (commodity_Id, commodity_Barcode, commodity_Name, commodity_Class, commodity_Unit, commodity_Price) VALUES ('c050', '6901234560050', '清风抽纸', '日用品', '提', 18.8);

-- headadmin
INSERT IGNORE INTO headadmin (headadmin_Id, headadmin_Name, headadmin_Pwd, headadmin_Tel) VALUES ('101', '系统管理员1', 'admin123', '13800138000');
INSERT IGNORE INTO headadmin (headadmin_Id, headadmin_Name, headadmin_Pwd, headadmin_Tel) VALUES ('102', '系统管理员2', 'admin456', '13800138001');
INSERT IGNORE INTO headadmin (headadmin_Id, headadmin_Name, headadmin_Pwd, headadmin_Tel) VALUES ('103', '系统管理员3', 'admin789', '13800138002');
INSERT IGNORE INTO headadmin (headadmin_Id, headadmin_Name, headadmin_Pwd, headadmin_Tel) VALUES ('104', '运营主管', 'yunying123', '13800138003');
INSERT IGNORE INTO headadmin (headadmin_Id, headadmin_Name, headadmin_Pwd, headadmin_Tel) VALUES ('105', '技术主管', 'jishu123', '13800138004');

-- employee
INSERT IGNORE INTO employee (employee_Id, employee_Name, employee_Pwd, employee_Ide, employee_Tel) VALUES ('e001', '张三', '123456', '仓库管理员', '13900000001');
INSERT IGNORE INTO employee (employee_Id, employee_Name, employee_Pwd, employee_Ide, employee_Tel) VALUES ('e002', '李四', '123456', '仓库管理员', '13900000002');
INSERT IGNORE INTO employee (employee_Id, employee_Name, employee_Pwd, employee_Ide, employee_Tel) VALUES ('e003', '王五', '123456', '仓库管理员', '13900000003');
INSERT IGNORE INTO employee (employee_Id, employee_Name, employee_Pwd, employee_Ide, employee_Tel) VALUES ('e004', '赵六', '123456', '仓库管理员', '13900000004');
INSERT IGNORE INTO employee (employee_Id, employee_Name, employee_Pwd, employee_Ide, employee_Tel) VALUES ('e005', '孙七', '123456', '仓库管理员', '13900000005');
INSERT IGNORE INTO employee (employee_Id, employee_Name, employee_Pwd, employee_Ide, employee_Tel) VALUES ('e006', '周八', '123456', '超市管理员', '13900000006');
INSERT IGNORE INTO employee (employee_Id, employee_Name, employee_Pwd, employee_Ide, employee_Tel) VALUES ('e007', '吴九', '123456', '超市管理员', '13900000007');
INSERT IGNORE INTO employee (employee_Id, employee_Name, employee_Pwd, employee_Ide, employee_Tel) VALUES ('e008', '郑十', '123456', '超市管理员', '13900000008');
INSERT IGNORE INTO employee (employee_Id, employee_Name, employee_Pwd, employee_Ide, employee_Tel) VALUES ('e009', '钱十一', '123456', '超市管理员', '13900000009');
INSERT IGNORE INTO employee (employee_Id, employee_Name, employee_Pwd, employee_Ide, employee_Tel) VALUES ('e010', '孙十二', '123456', '超市管理员', '13900000010');
INSERT IGNORE INTO employee (employee_Id, employee_Name, employee_Pwd, employee_Ide, employee_Tel) VALUES ('e011', '李十三', '123456', '超市管理员', '13900000011');
INSERT IGNORE INTO employee (employee_Id, employee_Name, employee_Pwd, employee_Ide, employee_Tel) VALUES ('e012', '王十四', '123456', '超市管理员', '13900000012');
INSERT IGNORE INTO employee (employee_Id, employee_Name, employee_Pwd, employee_Ide, employee_Tel) VALUES ('e013', '张十五', '123456', '超市管理员', '13900000013');
INSERT IGNORE INTO employee (employee_Id, employee_Name, employee_Pwd, employee_Ide, employee_Tel) VALUES ('e014', '刘十六', '123456', '超市管理员', '13900000014');
INSERT IGNORE INTO employee (employee_Id, employee_Name, employee_Pwd, employee_Ide, employee_Tel) VALUES ('e015', '陈十七', '123456', '超市管理员', '13900000015');
INSERT IGNORE INTO employee (employee_Id, employee_Name, employee_Pwd, employee_Ide, employee_Tel) VALUES ('e016', '杨十八', '123456', '收银员', '13900000016');
INSERT IGNORE INTO employee (employee_Id, employee_Name, employee_Pwd, employee_Ide, employee_Tel) VALUES ('e017', '黄十九', '123456', '收银员', '13900000017');
INSERT IGNORE INTO employee (employee_Id, employee_Name, employee_Pwd, employee_Ide, employee_Tel) VALUES ('e018', '林二十', '123456', '收银员', '13900000018');
INSERT IGNORE INTO employee (employee_Id, employee_Name, employee_Pwd, employee_Ide, employee_Tel) VALUES ('e019', '马二十一', '123456', '收银员', '13900000019');
INSERT IGNORE INTO employee (employee_Id, employee_Name, employee_Pwd, employee_Ide, employee_Tel) VALUES ('e020', '朱二十二', '123456', '收银员', '13900000020');
INSERT IGNORE INTO employee (employee_Id, employee_Name, employee_Pwd, employee_Ide, employee_Tel) VALUES ('e021', '胡二十三', '123456', '收银员', '13900000021');
INSERT IGNORE INTO employee (employee_Id, employee_Name, employee_Pwd, employee_Ide, employee_Tel) VALUES ('e022', '郭二十四', '123456', '收银员', '13900000022');
INSERT IGNORE INTO employee (employee_Id, employee_Name, employee_Pwd, employee_Ide, employee_Tel) VALUES ('e023', '何二十五', '123456', '收银员', '13900000023');
INSERT IGNORE INTO employee (employee_Id, employee_Name, employee_Pwd, employee_Ide, employee_Tel) VALUES ('e024', '高二十六', '123456', '收银员', '13900000024');
INSERT IGNORE INTO employee (employee_Id, employee_Name, employee_Pwd, employee_Ide, employee_Tel) VALUES ('e025', '罗二十七', '123456', '收银员', '13900000025');
INSERT IGNORE INTO employee (employee_Id, employee_Name, employee_Pwd, employee_Ide, employee_Tel) VALUES ('e026', '梁二十八', '123456', '理货员', '13900000026');
INSERT IGNORE INTO employee (employee_Id, employee_Name, employee_Pwd, employee_Ide, employee_Tel) VALUES ('e027', '谢二十九', '123456', '理货员', '13900000027');
INSERT IGNORE INTO employee (employee_Id, employee_Name, employee_Pwd, employee_Ide, employee_Tel) VALUES ('e028', '宋三十', '123456', '理货员', '13900000028');
INSERT IGNORE INTO employee (employee_Id, employee_Name, employee_Pwd, employee_Ide, employee_Tel) VALUES ('e029', '唐三十一', '123456', '理货员', '13900000029');
INSERT IGNORE INTO employee (employee_Id, employee_Name, employee_Pwd, employee_Ide, employee_Tel) VALUES ('e030', '韩三十二', '123456', '理货员', '13900000030');

-- supermarket
INSERT IGNORE INTO supermarket (supermarket_Id, supermarket_Name, supermarket_Adr, supermarket_Tel, employee_Id) VALUES ('s001', '幸福超市中山路店', '中山路1号', '88888888', 'e006');
INSERT IGNORE INTO supermarket (supermarket_Id, supermarket_Name, supermarket_Adr, supermarket_Tel, employee_Id) VALUES ('s002', '幸福超市解放路店', '解放路28号', '88888889', 'e007');
INSERT IGNORE INTO supermarket (supermarket_Id, supermarket_Name, supermarket_Adr, supermarket_Tel, employee_Id) VALUES ('s003', '幸福超市人民路店', '人民路15号', '88888890', 'e008');
INSERT IGNORE INTO supermarket (supermarket_Id, supermarket_Name, supermarket_Adr, supermarket_Tel, employee_Id) VALUES ('s004', '幸福超市建设路店', '建设路36号', '88888891', 'e009');
INSERT IGNORE INTO supermarket (supermarket_Id, supermarket_Name, supermarket_Adr, supermarket_Tel, employee_Id) VALUES ('s005', '幸福超市青年路店', '青年路45号', '88888892', 'e010');
INSERT IGNORE INTO supermarket (supermarket_Id, supermarket_Name, supermarket_Adr, supermarket_Tel, employee_Id) VALUES ('s006', '幸福超市黄河路店', '黄河路58号', '88888893', 'e011');
INSERT IGNORE INTO supermarket (supermarket_Id, supermarket_Name, supermarket_Adr, supermarket_Tel, employee_Id) VALUES ('s007', '幸福超市珠江路店', '珠江路66号', '88888894', 'e012');
INSERT IGNORE INTO supermarket (supermarket_Id, supermarket_Name, supermarket_Adr, supermarket_Tel, employee_Id) VALUES ('s008', '幸福超市长江路店', '长江路78号', '88888895', 'e013');
INSERT IGNORE INTO supermarket (supermarket_Id, supermarket_Name, supermarket_Adr, supermarket_Tel, employee_Id) VALUES ('s009', '幸福超市渤海路店', '渤海路89号', '88888896', 'e014');
INSERT IGNORE INTO supermarket (supermarket_Id, supermarket_Name, supermarket_Adr, supermarket_Tel, employee_Id) VALUES ('s010', '幸福超市黄海路店', '黄海路99号', '88888897', 'e015');

-- warehouse
INSERT IGNORE INTO warehouse (warehouse_Id, warehouse_Name, warehouse_Adr, warehouse_Tel, employee_Id) VALUES ('w001', '一号仓库(城北)', 'XX市城北工业园区8号', '66666666', 'e001');
INSERT IGNORE INTO warehouse (warehouse_Id, warehouse_Name, warehouse_Adr, warehouse_Tel, employee_Id) VALUES ('w002', '二号仓库(城南)', 'XX市城南物流园12号', '66666667', 'e002');
INSERT IGNORE INTO warehouse (warehouse_Id, warehouse_Name, warehouse_Adr, warehouse_Tel, employee_Id) VALUES ('w003', '三号仓库(城东)', 'XX市城东产业园15号', '66666668', 'e003');
INSERT IGNORE INTO warehouse (warehouse_Id, warehouse_Name, warehouse_Adr, warehouse_Tel, employee_Id) VALUES ('w004', '四号仓库(城西)', 'XX市城西物流中心20号', '66666669', 'e004');
INSERT IGNORE INTO warehouse (warehouse_Id, warehouse_Name, warehouse_Adr, warehouse_Tel, employee_Id) VALUES ('w005', '五号仓库(城中)', 'XX市城中仓储基地5号', '66666670', 'e005');

-- member
INSERT IGNORE INTO member (member_Id, member_Name, member_Cardnum, member_Tel, member_Points) VALUES ('m001', '王小明', 'VIP20260001', '13500000001', 150);
INSERT IGNORE INTO member (member_Id, member_Name, member_Cardnum, member_Tel, member_Points) VALUES ('m002', '李小红', 'VIP20260002', '13500000002', 250);
INSERT IGNORE INTO member (member_Id, member_Name, member_Cardnum, member_Tel, member_Points) VALUES ('m003', '张小刚', 'VIP20260003', '13500000003', 500);
INSERT IGNORE INTO member (member_Id, member_Name, member_Cardnum, member_Tel, member_Points) VALUES ('m004', '刘小丽', 'VIP20260004', '13500000004', 80);
INSERT IGNORE INTO member (member_Id, member_Name, member_Cardnum, member_Tel, member_Points) VALUES ('m005', '陈大明', 'VIP20260005', '13500000005', 1200);
INSERT IGNORE INTO member (member_Id, member_Name, member_Cardnum, member_Tel, member_Points) VALUES ('m006', '赵小花', 'VIP20260006', '13500000006', 300);
INSERT IGNORE INTO member (member_Id, member_Name, member_Cardnum, member_Tel, member_Points) VALUES ('m007', '黄小军', 'VIP20260007', '13500000007', 450);
INSERT IGNORE INTO member (member_Id, member_Name, member_Cardnum, member_Tel, member_Points) VALUES ('m008', '周小雨', 'VIP20260008', '13500000008', 600);
INSERT IGNORE INTO member (member_Id, member_Name, member_Cardnum, member_Tel, member_Points) VALUES ('m009', '吴小涛', 'VIP20260009', '13500000009', 750);
INSERT IGNORE INTO member (member_Id, member_Name, member_Cardnum, member_Tel, member_Points) VALUES ('m010', '郑小月', 'VIP20260010', '13500000010', 900);
INSERT IGNORE INTO member (member_Id, member_Name, member_Cardnum, member_Tel, member_Points) VALUES ('m011', '钱小宇', 'VIP20260011', '13500000011', 100);
INSERT IGNORE INTO member (member_Id, member_Name, member_Cardnum, member_Tel, member_Points) VALUES ('m012', '孙小阳', 'VIP20260012', '13500000012', 180);
INSERT IGNORE INTO member (member_Id, member_Name, member_Cardnum, member_Tel, member_Points) VALUES ('m013', '李小雪', 'VIP20260013', '13500000013', 220);
INSERT IGNORE INTO member (member_Id, member_Name, member_Cardnum, member_Tel, member_Points) VALUES ('m014', '王小强', 'VIP20260014', '13500000014', 350);
INSERT IGNORE INTO member (member_Id, member_Name, member_Cardnum, member_Tel, member_Points) VALUES ('m015', '张小萌', 'VIP20260015', '13500000015', 400);
INSERT IGNORE INTO member (member_Id, member_Name, member_Cardnum, member_Tel, member_Points) VALUES ('m016', '刘小峰', 'VIP20260016', '13500000016', 550);
INSERT IGNORE INTO member (member_Id, member_Name, member_Cardnum, member_Tel, member_Points) VALUES ('m017', '陈小燕', 'VIP20260017', '13500000017', 650);
INSERT IGNORE INTO member (member_Id, member_Name, member_Cardnum, member_Tel, member_Points) VALUES ('m018', '赵小伟', 'VIP20260018', '13500000018', 700);
INSERT IGNORE INTO member (member_Id, member_Name, member_Cardnum, member_Tel, member_Points) VALUES ('m019', '黄小琳', 'VIP20260019', '13500000019', 850);
INSERT IGNORE INTO member (member_Id, member_Name, member_Cardnum, member_Tel, member_Points) VALUES ('m020', '周小豪', 'VIP20260020', '13500000020', 950);
INSERT IGNORE INTO member (member_Id, member_Name, member_Cardnum, member_Tel, member_Points) VALUES ('m021', '吴小婷', 'VIP20260021', '13500000021', 1100);
INSERT IGNORE INTO member (member_Id, member_Name, member_Cardnum, member_Tel, member_Points) VALUES ('m022', '郑小杰', 'VIP20260022', '13500000022', 1300);
INSERT IGNORE INTO member (member_Id, member_Name, member_Cardnum, member_Tel, member_Points) VALUES ('m023', '钱小琪', 'VIP20260023', '13500000023', 1400);
INSERT IGNORE INTO member (member_Id, member_Name, member_Cardnum, member_Tel, member_Points) VALUES ('m024', '孙小浩', 'VIP20260024', '13500000024', 1500);
INSERT IGNORE INTO member (member_Id, member_Name, member_Cardnum, member_Tel, member_Points) VALUES ('m025', '李小曼', 'VIP20260025', '13500000025', 1600);
INSERT IGNORE INTO member (member_Id, member_Name, member_Cardnum, member_Tel, member_Points) VALUES ('m026', '王小宇', 'VIP20260026', '13500000026', 1700);
INSERT IGNORE INTO member (member_Id, member_Name, member_Cardnum, member_Tel, member_Points) VALUES ('m027', '张小雅', 'VIP20260027', '13500000027', 1800);
INSERT IGNORE INTO member (member_Id, member_Name, member_Cardnum, member_Tel, member_Points) VALUES ('m028', '刘小宁', 'VIP20260028', '13500000028', 1900);
INSERT IGNORE INTO member (member_Id, member_Name, member_Cardnum, member_Tel, member_Points) VALUES ('m029', '陈小博', 'VIP20260029', '13500000029', 2000);
INSERT IGNORE INTO member (member_Id, member_Name, member_Cardnum, member_Tel, member_Points) VALUES ('m030', '赵小希', 'VIP20260030', '13500000030', 2100);
INSERT IGNORE INTO member (member_Id, member_Name, member_Cardnum, member_Tel, member_Points) VALUES ('m031', '黄小宇', 'VIP20260031', '13500000031', 2200);
INSERT IGNORE INTO member (member_Id, member_Name, member_Cardnum, member_Tel, member_Points) VALUES ('m032', '周小然', 'VIP20260032', '13500000032', 2300);
INSERT IGNORE INTO member (member_Id, member_Name, member_Cardnum, member_Tel, member_Points) VALUES ('m033', '吴小宸', 'VIP20260033', '13500000033', 2400);
INSERT IGNORE INTO member (member_Id, member_Name, member_Cardnum, member_Tel, member_Points) VALUES ('m034', '郑小诺', 'VIP20260034', '13500000034', 2500);
INSERT IGNORE INTO member (member_Id, member_Name, member_Cardnum, member_Tel, member_Points) VALUES ('m035', '钱小泽', 'VIP20260035', '13500000035', 2600);
INSERT IGNORE INTO member (member_Id, member_Name, member_Cardnum, member_Tel, member_Points) VALUES ('m036', '孙小熙', 'VIP20260036', '13500000036', 2700);
INSERT IGNORE INTO member (member_Id, member_Name, member_Cardnum, member_Tel, member_Points) VALUES ('m037', '李小辰', 'VIP20260037', '13500000037', 2800);
INSERT IGNORE INTO member (member_Id, member_Name, member_Cardnum, member_Tel, member_Points) VALUES ('m038', '王小瑞', 'VIP20260038', '13500000038', 2900);
INSERT IGNORE INTO member (member_Id, member_Name, member_Cardnum, member_Tel, member_Points) VALUES ('m039', '张小哲', 'VIP20260039', '13500000039', 3000);
INSERT IGNORE INTO member (member_Id, member_Name, member_Cardnum, member_Tel, member_Points) VALUES ('m040', '刘小帆', 'VIP20260040', '13500000040', 3100);
INSERT IGNORE INTO member (member_Id, member_Name, member_Cardnum, member_Tel, member_Points) VALUES ('m041', '陈小旭', 'VIP20260041', '13500000041', 3200);
INSERT IGNORE INTO member (member_Id, member_Name, member_Cardnum, member_Tel, member_Points) VALUES ('m042', '赵小桐', 'VIP20260042', '13500000042', 3300);
INSERT IGNORE INTO member (member_Id, member_Name, member_Cardnum, member_Tel, member_Points) VALUES ('m043', '黄小柯', 'VIP20260043', '13500000043', 3400);
INSERT IGNORE INTO member (member_Id, member_Name, member_Cardnum, member_Tel, member_Points) VALUES ('m044', '周小源', 'VIP20260044', '13500000044', 3500);
INSERT IGNORE INTO member (member_Id, member_Name, member_Cardnum, member_Tel, member_Points) VALUES ('m045', '吴小恒', 'VIP20260045', '13500000045', 3600);
INSERT IGNORE INTO member (member_Id, member_Name, member_Cardnum, member_Tel, member_Points) VALUES ('m046', '郑小宇', 'VIP20260046', '13500000046', 3700);
INSERT IGNORE INTO member (member_Id, member_Name, member_Cardnum, member_Tel, member_Points) VALUES ('m047', '钱小航', 'VIP20260047', '13500000047', 3800);
INSERT IGNORE INTO member (member_Id, member_Name, member_Cardnum, member_Tel, member_Points) VALUES ('m048', '孙小宇', 'VIP20260048', '13500000048', 3900);
INSERT IGNORE INTO member (member_Id, member_Name, member_Cardnum, member_Tel, member_Points) VALUES ('m049', '李小乐', 'VIP20260049', '13500000049', 4000);
INSERT IGNORE INTO member (member_Id, member_Name, member_Cardnum, member_Tel, member_Points) VALUES ('m050', '王小悦', 'VIP20260050', '13500000050', 4100);

-- inv
INSERT IGNORE INTO inv (commodity_Id, warehouse_Id, inv_Amount, inv_Time) VALUES ('c002', 'w001', 100, '19:07:58');

-- apl
INSERT IGNORE INTO apl (supermarket_Id, commodity_Id, apl_Amount, apl_Time) VALUES ('s001', 'c001', 200, '09:00:00');
INSERT IGNORE INTO apl (supermarket_Id, commodity_Id, apl_Amount, apl_Time) VALUES ('s001', 'c002', 150, '09:10:00');
INSERT IGNORE INTO apl (supermarket_Id, commodity_Id, apl_Amount, apl_Time) VALUES ('s001', 'c003', 100, '09:20:00');
INSERT IGNORE INTO apl (supermarket_Id, commodity_Id, apl_Amount, apl_Time) VALUES ('s001', 'c033', 40, '09:30:00');
INSERT IGNORE INTO apl (supermarket_Id, commodity_Id, apl_Amount, apl_Time) VALUES ('s001', 'c043', 3, '09:40:00');
INSERT IGNORE INTO apl (supermarket_Id, commodity_Id, apl_Amount, apl_Time) VALUES ('s002', 'c005', 80, '10:00:00');
INSERT IGNORE INTO apl (supermarket_Id, commodity_Id, apl_Amount, apl_Time) VALUES ('s002', 'c006', 60, '10:10:00');
INSERT IGNORE INTO apl (supermarket_Id, commodity_Id, apl_Amount, apl_Time) VALUES ('s002', 'c034', 30, '10:20:00');
INSERT IGNORE INTO apl (supermarket_Id, commodity_Id, apl_Amount, apl_Time) VALUES ('s002', 'c044', 2, '10:30:00');
INSERT IGNORE INTO apl (supermarket_Id, commodity_Id, apl_Amount, apl_Time) VALUES ('s003', 'c009', 50, '11:00:00');
INSERT IGNORE INTO apl (supermarket_Id, commodity_Id, apl_Amount, apl_Time) VALUES ('s003', 'c010', 40, '11:10:00');
INSERT IGNORE INTO apl (supermarket_Id, commodity_Id, apl_Amount, apl_Time) VALUES ('s003', 'c035', 25, '11:20:00');
INSERT IGNORE INTO apl (supermarket_Id, commodity_Id, apl_Amount, apl_Time) VALUES ('s003', 'c045', 1, '11:30:00');
INSERT IGNORE INTO apl (supermarket_Id, commodity_Id, apl_Amount, apl_Time) VALUES ('s004', 'c012', 30, '14:00:00');
INSERT IGNORE INTO apl (supermarket_Id, commodity_Id, apl_Amount, apl_Time) VALUES ('s004', 'c013', 20, '14:10:00');
INSERT IGNORE INTO apl (supermarket_Id, commodity_Id, apl_Amount, apl_Time) VALUES ('s004', 'c036', 20, '14:20:00');
INSERT IGNORE INTO apl (supermarket_Id, commodity_Id, apl_Amount, apl_Time) VALUES ('s004', 'c046', 50, '14:30:00');
INSERT IGNORE INTO apl (supermarket_Id, commodity_Id, apl_Amount, apl_Time) VALUES ('s005', 'c015', 25, '15:00:00');
INSERT IGNORE INTO apl (supermarket_Id, commodity_Id, apl_Amount, apl_Time) VALUES ('s005', 'c016', 15, '15:10:00');
INSERT IGNORE INTO apl (supermarket_Id, commodity_Id, apl_Amount, apl_Time) VALUES ('s005', 'c037', 15, '15:20:00');
INSERT IGNORE INTO apl (supermarket_Id, commodity_Id, apl_Amount, apl_Time) VALUES ('s005', 'c047', 40, '15:30:00');
INSERT IGNORE INTO apl (supermarket_Id, commodity_Id, apl_Amount, apl_Time) VALUES ('s006', 'c018', 10, '16:00:00');
INSERT IGNORE INTO apl (supermarket_Id, commodity_Id, apl_Amount, apl_Time) VALUES ('s006', 'c019', 8, '16:10:00');
INSERT IGNORE INTO apl (supermarket_Id, commodity_Id, apl_Amount, apl_Time) VALUES ('s006', 'c038', 10, '16:20:00');
INSERT IGNORE INTO apl (supermarket_Id, commodity_Id, apl_Amount, apl_Time) VALUES ('s006', 'c048', 30, '16:30:00');
INSERT IGNORE INTO apl (supermarket_Id, commodity_Id, apl_Amount, apl_Time) VALUES ('s007', 'c021', 100, '09:00:00');
INSERT IGNORE INTO apl (supermarket_Id, commodity_Id, apl_Amount, apl_Time) VALUES ('s007', 'c022', 80, '09:10:00');
INSERT IGNORE INTO apl (supermarket_Id, commodity_Id, apl_Amount, apl_Time) VALUES ('s007', 'c039', 8, '09:20:00');
INSERT IGNORE INTO apl (supermarket_Id, commodity_Id, apl_Amount, apl_Time) VALUES ('s007', 'c049', 20, '09:30:00');
INSERT IGNORE INTO apl (supermarket_Id, commodity_Id, apl_Amount, apl_Time) VALUES ('s008', 'c024', 50, '10:00:00');
INSERT IGNORE INTO apl (supermarket_Id, commodity_Id, apl_Amount, apl_Time) VALUES ('s008', 'c025', 40, '10:10:00');
INSERT IGNORE INTO apl (supermarket_Id, commodity_Id, apl_Amount, apl_Time) VALUES ('s008', 'c040', 6, '10:20:00');
INSERT IGNORE INTO apl (supermarket_Id, commodity_Id, apl_Amount, apl_Time) VALUES ('s008', 'c050', 10, '10:30:00');
INSERT IGNORE INTO apl (supermarket_Id, commodity_Id, apl_Amount, apl_Time) VALUES ('s009', 'c027', 30, '11:00:00');
INSERT IGNORE INTO apl (supermarket_Id, commodity_Id, apl_Amount, apl_Time) VALUES ('s009', 'c028', 20, '11:10:00');
INSERT IGNORE INTO apl (supermarket_Id, commodity_Id, apl_Amount, apl_Time) VALUES ('s009', 'c029', 15, '11:20:00');
INSERT IGNORE INTO apl (supermarket_Id, commodity_Id, apl_Amount, apl_Time) VALUES ('s009', 'c041', 5, '11:30:00');
INSERT IGNORE INTO apl (supermarket_Id, commodity_Id, apl_Amount, apl_Time) VALUES ('s010', 'c030', 10, '14:00:00');
INSERT IGNORE INTO apl (supermarket_Id, commodity_Id, apl_Amount, apl_Time) VALUES ('s010', 'c031', 8, '14:10:00');
INSERT IGNORE INTO apl (supermarket_Id, commodity_Id, apl_Amount, apl_Time) VALUES ('s010', 'c032', 5, '14:20:00');
INSERT IGNORE INTO apl (supermarket_Id, commodity_Id, apl_Amount, apl_Time) VALUES ('s010', 'c042', 4, '14:30:00');

-- dis
INSERT IGNORE INTO dis (warehouse_Id, supermarket_Id, distance) VALUES ('w001', 's001', 3.2);
INSERT IGNORE INTO dis (warehouse_Id, supermarket_Id, distance) VALUES ('w001', 's002', 5.5);
INSERT IGNORE INTO dis (warehouse_Id, supermarket_Id, distance) VALUES ('w001', 's003', 7.8);
INSERT IGNORE INTO dis (warehouse_Id, supermarket_Id, distance) VALUES ('w001', 's004', 9.1);
INSERT IGNORE INTO dis (warehouse_Id, supermarket_Id, distance) VALUES ('w001', 's005', 11.4);
INSERT IGNORE INTO dis (warehouse_Id, supermarket_Id, distance) VALUES ('w001', 's006', 13.7);
INSERT IGNORE INTO dis (warehouse_Id, supermarket_Id, distance) VALUES ('w001', 's007', 15.2);
INSERT IGNORE INTO dis (warehouse_Id, supermarket_Id, distance) VALUES ('w001', 's008', 17.5);
INSERT IGNORE INTO dis (warehouse_Id, supermarket_Id, distance) VALUES ('w001', 's009', 19.8);
INSERT IGNORE INTO dis (warehouse_Id, supermarket_Id, distance) VALUES ('w001', 's010', 22.1);
INSERT IGNORE INTO dis (warehouse_Id, supermarket_Id, distance) VALUES ('w002', 's001', 6.3);
INSERT IGNORE INTO dis (warehouse_Id, supermarket_Id, distance) VALUES ('w002', 's002', 4.1);
INSERT IGNORE INTO dis (warehouse_Id, supermarket_Id, distance) VALUES ('w002', 's003', 6.4);
INSERT IGNORE INTO dis (warehouse_Id, supermarket_Id, distance) VALUES ('w002', 's004', 8.7);
INSERT IGNORE INTO dis (warehouse_Id, supermarket_Id, distance) VALUES ('w002', 's005', 10.2);
INSERT IGNORE INTO dis (warehouse_Id, supermarket_Id, distance) VALUES ('w002', 's006', 12.5);
INSERT IGNORE INTO dis (warehouse_Id, supermarket_Id, distance) VALUES ('w002', 's007', 14.8);
INSERT IGNORE INTO dis (warehouse_Id, supermarket_Id, distance) VALUES ('w002', 's008', 16.3);
INSERT IGNORE INTO dis (warehouse_Id, supermarket_Id, distance) VALUES ('w002', 's009', 18.6);
INSERT IGNORE INTO dis (warehouse_Id, supermarket_Id, distance) VALUES ('w002', 's010', 20.1);
INSERT IGNORE INTO dis (warehouse_Id, supermarket_Id, distance) VALUES ('w003', 's001', 8.5);
INSERT IGNORE INTO dis (warehouse_Id, supermarket_Id, distance) VALUES ('w003', 's002', 6.2);
INSERT IGNORE INTO dis (warehouse_Id, supermarket_Id, distance) VALUES ('w003', 's003', 3.9);
INSERT IGNORE INTO dis (warehouse_Id, supermarket_Id, distance) VALUES ('w003', 's004', 5.4);
INSERT IGNORE INTO dis (warehouse_Id, supermarket_Id, distance) VALUES ('w003', 's005', 7.7);
INSERT IGNORE INTO dis (warehouse_Id, supermarket_Id, distance) VALUES ('w003', 's006', 10);
INSERT IGNORE INTO dis (warehouse_Id, supermarket_Id, distance) VALUES ('w003', 's007', 12.3);
INSERT IGNORE INTO dis (warehouse_Id, supermarket_Id, distance) VALUES ('w003', 's008', 14.6);
INSERT IGNORE INTO dis (warehouse_Id, supermarket_Id, distance) VALUES ('w003', 's009', 16.1);
INSERT IGNORE INTO dis (warehouse_Id, supermarket_Id, distance) VALUES ('w003', 's010', 18.4);
INSERT IGNORE INTO dis (warehouse_Id, supermarket_Id, distance) VALUES ('w004', 's001', 10.7);
INSERT IGNORE INTO dis (warehouse_Id, supermarket_Id, distance) VALUES ('w004', 's002', 8.4);
INSERT IGNORE INTO dis (warehouse_Id, supermarket_Id, distance) VALUES ('w004', 's003', 6.1);
INSERT IGNORE INTO dis (warehouse_Id, supermarket_Id, distance) VALUES ('w004', 's004', 3.8);
INSERT IGNORE INTO dis (warehouse_Id, supermarket_Id, distance) VALUES ('w004', 's005', 5.3);
INSERT IGNORE INTO dis (warehouse_Id, supermarket_Id, distance) VALUES ('w004', 's006', 7.6);
INSERT IGNORE INTO dis (warehouse_Id, supermarket_Id, distance) VALUES ('w004', 's007', 9.9);
INSERT IGNORE INTO dis (warehouse_Id, supermarket_Id, distance) VALUES ('w004', 's008', 12.2);
INSERT IGNORE INTO dis (warehouse_Id, supermarket_Id, distance) VALUES ('w004', 's009', 14.5);
INSERT IGNORE INTO dis (warehouse_Id, supermarket_Id, distance) VALUES ('w004', 's010', 16);
INSERT IGNORE INTO dis (warehouse_Id, supermarket_Id, distance) VALUES ('w005', 's001', 12.9);
INSERT IGNORE INTO dis (warehouse_Id, supermarket_Id, distance) VALUES ('w005', 's002', 10.6);
INSERT IGNORE INTO dis (warehouse_Id, supermarket_Id, distance) VALUES ('w005', 's003', 8.3);
INSERT IGNORE INTO dis (warehouse_Id, supermarket_Id, distance) VALUES ('w005', 's004', 6);
INSERT IGNORE INTO dis (warehouse_Id, supermarket_Id, distance) VALUES ('w005', 's005', 3.7);
INSERT IGNORE INTO dis (warehouse_Id, supermarket_Id, distance) VALUES ('w005', 's006', 6);
INSERT IGNORE INTO dis (warehouse_Id, supermarket_Id, distance) VALUES ('w005', 's007', 8.3);
INSERT IGNORE INTO dis (warehouse_Id, supermarket_Id, distance) VALUES ('w005', 's008', 10.6);
INSERT IGNORE INTO dis (warehouse_Id, supermarket_Id, distance) VALUES ('w005', 's009', 12.9);
INSERT IGNORE INTO dis (warehouse_Id, supermarket_Id, distance) VALUES ('w005', 's010', 14.4);

-- allinv
INSERT IGNORE INTO allinv (commodity_Id, allinv_Amount) VALUES ('c001', 8000);
INSERT IGNORE INTO allinv (commodity_Id, allinv_Amount) VALUES ('c002', 7000);
INSERT IGNORE INTO allinv (commodity_Id, allinv_Amount) VALUES ('c003', 13000);
INSERT IGNORE INTO allinv (commodity_Id, allinv_Amount) VALUES ('c004', 12000);
INSERT IGNORE INTO allinv (commodity_Id, allinv_Amount) VALUES ('c005', 5600);
INSERT IGNORE INTO allinv (commodity_Id, allinv_Amount) VALUES ('c006', 5100);
INSERT IGNORE INTO allinv (commodity_Id, allinv_Amount) VALUES ('c007', 4000);
INSERT IGNORE INTO allinv (commodity_Id, allinv_Amount) VALUES ('c008', 3500);
INSERT IGNORE INTO allinv (commodity_Id, allinv_Amount) VALUES ('c009', 4700);
INSERT IGNORE INTO allinv (commodity_Id, allinv_Amount) VALUES ('c010', 4200);
INSERT IGNORE INTO allinv (commodity_Id, allinv_Amount) VALUES ('c011', 6000);
INSERT IGNORE INTO allinv (commodity_Id, allinv_Amount) VALUES ('c012', 5500);
INSERT IGNORE INTO allinv (commodity_Id, allinv_Amount) VALUES ('c013', 5000);
INSERT IGNORE INTO allinv (commodity_Id, allinv_Amount) VALUES ('c014', 4500);
INSERT IGNORE INTO allinv (commodity_Id, allinv_Amount) VALUES ('c015', 4000);
INSERT IGNORE INTO allinv (commodity_Id, allinv_Amount) VALUES ('c016', 3500);
INSERT IGNORE INTO allinv (commodity_Id, allinv_Amount) VALUES ('c017', 3000);
INSERT IGNORE INTO allinv (commodity_Id, allinv_Amount) VALUES ('c018', 2500);
INSERT IGNORE INTO allinv (commodity_Id, allinv_Amount) VALUES ('c019', 2200);
INSERT IGNORE INTO allinv (commodity_Id, allinv_Amount) VALUES ('c020', 1700);
INSERT IGNORE INTO allinv (commodity_Id, allinv_Amount) VALUES ('c021', 3000);
INSERT IGNORE INTO allinv (commodity_Id, allinv_Amount) VALUES ('c022', 2750);
INSERT IGNORE INTO allinv (commodity_Id, allinv_Amount) VALUES ('c023', 2500);
INSERT IGNORE INTO allinv (commodity_Id, allinv_Amount) VALUES ('c024', 2250);
INSERT IGNORE INTO allinv (commodity_Id, allinv_Amount) VALUES ('c025', 4000);
INSERT IGNORE INTO allinv (commodity_Id, allinv_Amount) VALUES ('c026', 3750);
INSERT IGNORE INTO allinv (commodity_Id, allinv_Amount) VALUES ('c027', 1550);
INSERT IGNORE INTO allinv (commodity_Id, allinv_Amount) VALUES ('c028', 1300);
INSERT IGNORE INTO allinv (commodity_Id, allinv_Amount) VALUES ('c029', 1000);
INSERT IGNORE INTO allinv (commodity_Id, allinv_Amount) VALUES ('c030', 780);
INSERT IGNORE INTO allinv (commodity_Id, allinv_Amount) VALUES ('c031', 4700);
INSERT IGNORE INTO allinv (commodity_Id, allinv_Amount) VALUES ('c032', 4200);
INSERT IGNORE INTO allinv (commodity_Id, allinv_Amount) VALUES ('c033', 3000);
INSERT IGNORE INTO allinv (commodity_Id, allinv_Amount) VALUES ('c034', 2500);
INSERT IGNORE INTO allinv (commodity_Id, allinv_Amount) VALUES ('c035', 2000);
INSERT IGNORE INTO allinv (commodity_Id, allinv_Amount) VALUES ('c036', 1550);
INSERT IGNORE INTO allinv (commodity_Id, allinv_Amount) VALUES ('c037', 3500);
INSERT IGNORE INTO allinv (commodity_Id, allinv_Amount) VALUES ('c038', 3000);
INSERT IGNORE INTO allinv (commodity_Id, allinv_Amount) VALUES ('c039', 2500);
INSERT IGNORE INTO allinv (commodity_Id, allinv_Amount) VALUES ('c040', 2000);
INSERT IGNORE INTO allinv (commodity_Id, allinv_Amount) VALUES ('c041', 3000);
INSERT IGNORE INTO allinv (commodity_Id, allinv_Amount) VALUES ('c042', 2500);
INSERT IGNORE INTO allinv (commodity_Id, allinv_Amount) VALUES ('c043', 1150);
INSERT IGNORE INTO allinv (commodity_Id, allinv_Amount) VALUES ('c044', 930);
INSERT IGNORE INTO allinv (commodity_Id, allinv_Amount) VALUES ('c045', 740);
INSERT IGNORE INTO allinv (commodity_Id, allinv_Amount) VALUES ('c046', 1550);
INSERT IGNORE INTO allinv (commodity_Id, allinv_Amount) VALUES ('c047', 1300);
INSERT IGNORE INTO allinv (commodity_Id, allinv_Amount) VALUES ('c048', 2000);
INSERT IGNORE INTO allinv (commodity_Id, allinv_Amount) VALUES ('c049', 1750);
INSERT IGNORE INTO allinv (commodity_Id, allinv_Amount) VALUES ('c050', 1500);

-- allapl
INSERT IGNORE INTO allapl (commodity_Id, allapl_Amount) VALUES ('c001', 200);
INSERT IGNORE INTO allapl (commodity_Id, allapl_Amount) VALUES ('c002', 150);
INSERT IGNORE INTO allapl (commodity_Id, allapl_Amount) VALUES ('c003', 100);
INSERT IGNORE INTO allapl (commodity_Id, allapl_Amount) VALUES ('c005', 80);
INSERT IGNORE INTO allapl (commodity_Id, allapl_Amount) VALUES ('c006', 60);
INSERT IGNORE INTO allapl (commodity_Id, allapl_Amount) VALUES ('c009', 50);
INSERT IGNORE INTO allapl (commodity_Id, allapl_Amount) VALUES ('c010', 40);
INSERT IGNORE INTO allapl (commodity_Id, allapl_Amount) VALUES ('c012', 30);
INSERT IGNORE INTO allapl (commodity_Id, allapl_Amount) VALUES ('c013', 20);
INSERT IGNORE INTO allapl (commodity_Id, allapl_Amount) VALUES ('c015', 25);
INSERT IGNORE INTO allapl (commodity_Id, allapl_Amount) VALUES ('c016', 15);
INSERT IGNORE INTO allapl (commodity_Id, allapl_Amount) VALUES ('c018', 10);
INSERT IGNORE INTO allapl (commodity_Id, allapl_Amount) VALUES ('c019', 8);
INSERT IGNORE INTO allapl (commodity_Id, allapl_Amount) VALUES ('c021', 100);
INSERT IGNORE INTO allapl (commodity_Id, allapl_Amount) VALUES ('c022', 80);
INSERT IGNORE INTO allapl (commodity_Id, allapl_Amount) VALUES ('c024', 50);
INSERT IGNORE INTO allapl (commodity_Id, allapl_Amount) VALUES ('c025', 40);
INSERT IGNORE INTO allapl (commodity_Id, allapl_Amount) VALUES ('c027', 30);
INSERT IGNORE INTO allapl (commodity_Id, allapl_Amount) VALUES ('c028', 20);
INSERT IGNORE INTO allapl (commodity_Id, allapl_Amount) VALUES ('c029', 15);
INSERT IGNORE INTO allapl (commodity_Id, allapl_Amount) VALUES ('c030', 10);
INSERT IGNORE INTO allapl (commodity_Id, allapl_Amount) VALUES ('c031', 8);
INSERT IGNORE INTO allapl (commodity_Id, allapl_Amount) VALUES ('c032', 5);
INSERT IGNORE INTO allapl (commodity_Id, allapl_Amount) VALUES ('c033', 40);
INSERT IGNORE INTO allapl (commodity_Id, allapl_Amount) VALUES ('c034', 30);
INSERT IGNORE INTO allapl (commodity_Id, allapl_Amount) VALUES ('c035', 25);
INSERT IGNORE INTO allapl (commodity_Id, allapl_Amount) VALUES ('c036', 20);
INSERT IGNORE INTO allapl (commodity_Id, allapl_Amount) VALUES ('c037', 15);
INSERT IGNORE INTO allapl (commodity_Id, allapl_Amount) VALUES ('c038', 10);
INSERT IGNORE INTO allapl (commodity_Id, allapl_Amount) VALUES ('c039', 8);
INSERT IGNORE INTO allapl (commodity_Id, allapl_Amount) VALUES ('c040', 6);
INSERT IGNORE INTO allapl (commodity_Id, allapl_Amount) VALUES ('c041', 5);
INSERT IGNORE INTO allapl (commodity_Id, allapl_Amount) VALUES ('c042', 4);
INSERT IGNORE INTO allapl (commodity_Id, allapl_Amount) VALUES ('c043', 3);
INSERT IGNORE INTO allapl (commodity_Id, allapl_Amount) VALUES ('c044', 2);
INSERT IGNORE INTO allapl (commodity_Id, allapl_Amount) VALUES ('c045', 1);
INSERT IGNORE INTO allapl (commodity_Id, allapl_Amount) VALUES ('c046', 50);
INSERT IGNORE INTO allapl (commodity_Id, allapl_Amount) VALUES ('c047', 40);
INSERT IGNORE INTO allapl (commodity_Id, allapl_Amount) VALUES ('c048', 30);
INSERT IGNORE INTO allapl (commodity_Id, allapl_Amount) VALUES ('c049', 20);
INSERT IGNORE INTO allapl (commodity_Id, allapl_Amount) VALUES ('c050', 10);

-- assign
INSERT IGNORE INTO assign (supermarket_Id, commodity_Id, assign_Amount) VALUES ('s001', 'c001', 200);
INSERT IGNORE INTO assign (supermarket_Id, commodity_Id, assign_Amount) VALUES ('s001', 'c002', 150);
INSERT IGNORE INTO assign (supermarket_Id, commodity_Id, assign_Amount) VALUES ('s001', 'c003', 100);
INSERT IGNORE INTO assign (supermarket_Id, commodity_Id, assign_Amount) VALUES ('s001', 'c033', 40);
INSERT IGNORE INTO assign (supermarket_Id, commodity_Id, assign_Amount) VALUES ('s001', 'c043', 3);
INSERT IGNORE INTO assign (supermarket_Id, commodity_Id, assign_Amount) VALUES ('s002', 'c005', 80);
INSERT IGNORE INTO assign (supermarket_Id, commodity_Id, assign_Amount) VALUES ('s002', 'c006', 60);
INSERT IGNORE INTO assign (supermarket_Id, commodity_Id, assign_Amount) VALUES ('s002', 'c034', 30);
INSERT IGNORE INTO assign (supermarket_Id, commodity_Id, assign_Amount) VALUES ('s002', 'c044', 2);
INSERT IGNORE INTO assign (supermarket_Id, commodity_Id, assign_Amount) VALUES ('s003', 'c009', 50);
INSERT IGNORE INTO assign (supermarket_Id, commodity_Id, assign_Amount) VALUES ('s003', 'c010', 40);
INSERT IGNORE INTO assign (supermarket_Id, commodity_Id, assign_Amount) VALUES ('s003', 'c035', 25);
INSERT IGNORE INTO assign (supermarket_Id, commodity_Id, assign_Amount) VALUES ('s003', 'c045', 1);
INSERT IGNORE INTO assign (supermarket_Id, commodity_Id, assign_Amount) VALUES ('s004', 'c012', 30);
INSERT IGNORE INTO assign (supermarket_Id, commodity_Id, assign_Amount) VALUES ('s004', 'c013', 20);
INSERT IGNORE INTO assign (supermarket_Id, commodity_Id, assign_Amount) VALUES ('s004', 'c036', 20);
INSERT IGNORE INTO assign (supermarket_Id, commodity_Id, assign_Amount) VALUES ('s004', 'c046', 50);
INSERT IGNORE INTO assign (supermarket_Id, commodity_Id, assign_Amount) VALUES ('s005', 'c015', 25);
INSERT IGNORE INTO assign (supermarket_Id, commodity_Id, assign_Amount) VALUES ('s005', 'c016', 15);
INSERT IGNORE INTO assign (supermarket_Id, commodity_Id, assign_Amount) VALUES ('s005', 'c037', 15);
INSERT IGNORE INTO assign (supermarket_Id, commodity_Id, assign_Amount) VALUES ('s005', 'c047', 40);
INSERT IGNORE INTO assign (supermarket_Id, commodity_Id, assign_Amount) VALUES ('s006', 'c018', 10);
INSERT IGNORE INTO assign (supermarket_Id, commodity_Id, assign_Amount) VALUES ('s006', 'c019', 8);
INSERT IGNORE INTO assign (supermarket_Id, commodity_Id, assign_Amount) VALUES ('s006', 'c038', 10);
INSERT IGNORE INTO assign (supermarket_Id, commodity_Id, assign_Amount) VALUES ('s006', 'c048', 30);
INSERT IGNORE INTO assign (supermarket_Id, commodity_Id, assign_Amount) VALUES ('s007', 'c021', 100);
INSERT IGNORE INTO assign (supermarket_Id, commodity_Id, assign_Amount) VALUES ('s007', 'c022', 80);
INSERT IGNORE INTO assign (supermarket_Id, commodity_Id, assign_Amount) VALUES ('s007', 'c039', 8);
INSERT IGNORE INTO assign (supermarket_Id, commodity_Id, assign_Amount) VALUES ('s007', 'c049', 20);
INSERT IGNORE INTO assign (supermarket_Id, commodity_Id, assign_Amount) VALUES ('s008', 'c024', 50);
INSERT IGNORE INTO assign (supermarket_Id, commodity_Id, assign_Amount) VALUES ('s008', 'c025', 40);
INSERT IGNORE INTO assign (supermarket_Id, commodity_Id, assign_Amount) VALUES ('s008', 'c040', 6);
INSERT IGNORE INTO assign (supermarket_Id, commodity_Id, assign_Amount) VALUES ('s008', 'c050', 10);
INSERT IGNORE INTO assign (supermarket_Id, commodity_Id, assign_Amount) VALUES ('s009', 'c027', 30);
INSERT IGNORE INTO assign (supermarket_Id, commodity_Id, assign_Amount) VALUES ('s009', 'c028', 20);
INSERT IGNORE INTO assign (supermarket_Id, commodity_Id, assign_Amount) VALUES ('s009', 'c029', 15);
INSERT IGNORE INTO assign (supermarket_Id, commodity_Id, assign_Amount) VALUES ('s009', 'c041', 5);
INSERT IGNORE INTO assign (supermarket_Id, commodity_Id, assign_Amount) VALUES ('s010', 'c030', 10);
INSERT IGNORE INTO assign (supermarket_Id, commodity_Id, assign_Amount) VALUES ('s010', 'c031', 8);
INSERT IGNORE INTO assign (supermarket_Id, commodity_Id, assign_Amount) VALUES ('s010', 'c032', 5);
INSERT IGNORE INTO assign (supermarket_Id, commodity_Id, assign_Amount) VALUES ('s010', 'c042', 4);

-- allocate
INSERT IGNORE INTO allocate (supermarket_Id, warehouse_Id, commodity_Id, allocate_Amount) VALUES ('s001', 'w001', 'c001', 200);
INSERT IGNORE INTO allocate (supermarket_Id, warehouse_Id, commodity_Id, allocate_Amount) VALUES ('s001', 'w001', 'c002', 150);
INSERT IGNORE INTO allocate (supermarket_Id, warehouse_Id, commodity_Id, allocate_Amount) VALUES ('s001', 'w001', 'c003', 100);
INSERT IGNORE INTO allocate (supermarket_Id, warehouse_Id, commodity_Id, allocate_Amount) VALUES ('s001', 'w001', 'c033', 40);
INSERT IGNORE INTO allocate (supermarket_Id, warehouse_Id, commodity_Id, allocate_Amount) VALUES ('s001', 'w001', 'c043', 3);
INSERT IGNORE INTO allocate (supermarket_Id, warehouse_Id, commodity_Id, allocate_Amount) VALUES ('s001', 'w002', 'c001', 0);
INSERT IGNORE INTO allocate (supermarket_Id, warehouse_Id, commodity_Id, allocate_Amount) VALUES ('s001', 'w002', 'c002', 0);
INSERT IGNORE INTO allocate (supermarket_Id, warehouse_Id, commodity_Id, allocate_Amount) VALUES ('s001', 'w002', 'c003', 0);
INSERT IGNORE INTO allocate (supermarket_Id, warehouse_Id, commodity_Id, allocate_Amount) VALUES ('s001', 'w002', 'c033', 0);
INSERT IGNORE INTO allocate (supermarket_Id, warehouse_Id, commodity_Id, allocate_Amount) VALUES ('s001', 'w002', 'c043', 0);
INSERT IGNORE INTO allocate (supermarket_Id, warehouse_Id, commodity_Id, allocate_Amount) VALUES ('s001', 'w003', 'c001', 0);
INSERT IGNORE INTO allocate (supermarket_Id, warehouse_Id, commodity_Id, allocate_Amount) VALUES ('s001', 'w003', 'c002', 0);
INSERT IGNORE INTO allocate (supermarket_Id, warehouse_Id, commodity_Id, allocate_Amount) VALUES ('s001', 'w003', 'c003', 0);
INSERT IGNORE INTO allocate (supermarket_Id, warehouse_Id, commodity_Id, allocate_Amount) VALUES ('s001', 'w003', 'c033', 0);
INSERT IGNORE INTO allocate (supermarket_Id, warehouse_Id, commodity_Id, allocate_Amount) VALUES ('s001', 'w003', 'c043', 0);
INSERT IGNORE INTO allocate (supermarket_Id, warehouse_Id, commodity_Id, allocate_Amount) VALUES ('s001', 'w004', 'c001', 0);
INSERT IGNORE INTO allocate (supermarket_Id, warehouse_Id, commodity_Id, allocate_Amount) VALUES ('s001', 'w004', 'c002', 0);
INSERT IGNORE INTO allocate (supermarket_Id, warehouse_Id, commodity_Id, allocate_Amount) VALUES ('s001', 'w004', 'c003', 0);
INSERT IGNORE INTO allocate (supermarket_Id, warehouse_Id, commodity_Id, allocate_Amount) VALUES ('s001', 'w004', 'c033', 0);
INSERT IGNORE INTO allocate (supermarket_Id, warehouse_Id, commodity_Id, allocate_Amount) VALUES ('s001', 'w004', 'c043', 0);
INSERT IGNORE INTO allocate (supermarket_Id, warehouse_Id, commodity_Id, allocate_Amount) VALUES ('s001', 'w005', 'c001', 0);
INSERT IGNORE INTO allocate (supermarket_Id, warehouse_Id, commodity_Id, allocate_Amount) VALUES ('s001', 'w005', 'c002', 0);
INSERT IGNORE INTO allocate (supermarket_Id, warehouse_Id, commodity_Id, allocate_Amount) VALUES ('s001', 'w005', 'c003', 0);
INSERT IGNORE INTO allocate (supermarket_Id, warehouse_Id, commodity_Id, allocate_Amount) VALUES ('s001', 'w005', 'c033', 0);
INSERT IGNORE INTO allocate (supermarket_Id, warehouse_Id, commodity_Id, allocate_Amount) VALUES ('s001', 'w005', 'c043', 0);
INSERT IGNORE INTO allocate (supermarket_Id, warehouse_Id, commodity_Id, allocate_Amount) VALUES ('s002', 'w001', 'c005', 0);
INSERT IGNORE INTO allocate (supermarket_Id, warehouse_Id, commodity_Id, allocate_Amount) VALUES ('s002', 'w001', 'c006', 0);
INSERT IGNORE INTO allocate (supermarket_Id, warehouse_Id, commodity_Id, allocate_Amount) VALUES ('s002', 'w001', 'c034', 0);
INSERT IGNORE INTO allocate (supermarket_Id, warehouse_Id, commodity_Id, allocate_Amount) VALUES ('s002', 'w001', 'c044', 0);
INSERT IGNORE INTO allocate (supermarket_Id, warehouse_Id, commodity_Id, allocate_Amount) VALUES ('s002', 'w002', 'c005', 80);
INSERT IGNORE INTO allocate (supermarket_Id, warehouse_Id, commodity_Id, allocate_Amount) VALUES ('s002', 'w002', 'c006', 60);
INSERT IGNORE INTO allocate (supermarket_Id, warehouse_Id, commodity_Id, allocate_Amount) VALUES ('s002', 'w002', 'c034', 30);
INSERT IGNORE INTO allocate (supermarket_Id, warehouse_Id, commodity_Id, allocate_Amount) VALUES ('s002', 'w002', 'c044', 2);
INSERT IGNORE INTO allocate (supermarket_Id, warehouse_Id, commodity_Id, allocate_Amount) VALUES ('s002', 'w003', 'c005', 0);
INSERT IGNORE INTO allocate (supermarket_Id, warehouse_Id, commodity_Id, allocate_Amount) VALUES ('s002', 'w003', 'c006', 0);
INSERT IGNORE INTO allocate (supermarket_Id, warehouse_Id, commodity_Id, allocate_Amount) VALUES ('s002', 'w003', 'c034', 0);
INSERT IGNORE INTO allocate (supermarket_Id, warehouse_Id, commodity_Id, allocate_Amount) VALUES ('s002', 'w003', 'c044', 0);
INSERT IGNORE INTO allocate (supermarket_Id, warehouse_Id, commodity_Id, allocate_Amount) VALUES ('s002', 'w004', 'c005', 0);
INSERT IGNORE INTO allocate (supermarket_Id, warehouse_Id, commodity_Id, allocate_Amount) VALUES ('s002', 'w004', 'c006', 0);
INSERT IGNORE INTO allocate (supermarket_Id, warehouse_Id, commodity_Id, allocate_Amount) VALUES ('s002', 'w004', 'c034', 0);
INSERT IGNORE INTO allocate (supermarket_Id, warehouse_Id, commodity_Id, allocate_Amount) VALUES ('s002', 'w004', 'c044', 0);
INSERT IGNORE INTO allocate (supermarket_Id, warehouse_Id, commodity_Id, allocate_Amount) VALUES ('s002', 'w005', 'c005', 0);
INSERT IGNORE INTO allocate (supermarket_Id, warehouse_Id, commodity_Id, allocate_Amount) VALUES ('s002', 'w005', 'c006', 0);
INSERT IGNORE INTO allocate (supermarket_Id, warehouse_Id, commodity_Id, allocate_Amount) VALUES ('s002', 'w005', 'c034', 0);
INSERT IGNORE INTO allocate (supermarket_Id, warehouse_Id, commodity_Id, allocate_Amount) VALUES ('s002', 'w005', 'c044', 0);
INSERT IGNORE INTO allocate (supermarket_Id, warehouse_Id, commodity_Id, allocate_Amount) VALUES ('s003', 'w001', 'c009', 0);
INSERT IGNORE INTO allocate (supermarket_Id, warehouse_Id, commodity_Id, allocate_Amount) VALUES ('s003', 'w001', 'c010', 0);
INSERT IGNORE INTO allocate (supermarket_Id, warehouse_Id, commodity_Id, allocate_Amount) VALUES ('s003', 'w001', 'c035', 0);
INSERT IGNORE INTO allocate (supermarket_Id, warehouse_Id, commodity_Id, allocate_Amount) VALUES ('s003', 'w001', 'c045', 0);
INSERT IGNORE INTO allocate (supermarket_Id, warehouse_Id, commodity_Id, allocate_Amount) VALUES ('s003', 'w002', 'c009', 0);
INSERT IGNORE INTO allocate (supermarket_Id, warehouse_Id, commodity_Id, allocate_Amount) VALUES ('s003', 'w002', 'c010', 0);
INSERT IGNORE INTO allocate (supermarket_Id, warehouse_Id, commodity_Id, allocate_Amount) VALUES ('s003', 'w002', 'c035', 0);
INSERT IGNORE INTO allocate (supermarket_Id, warehouse_Id, commodity_Id, allocate_Amount) VALUES ('s003', 'w002', 'c045', 0);
INSERT IGNORE INTO allocate (supermarket_Id, warehouse_Id, commodity_Id, allocate_Amount) VALUES ('s003', 'w003', 'c009', 50);
INSERT IGNORE INTO allocate (supermarket_Id, warehouse_Id, commodity_Id, allocate_Amount) VALUES ('s003', 'w003', 'c010', 40);
INSERT IGNORE INTO allocate (supermarket_Id, warehouse_Id, commodity_Id, allocate_Amount) VALUES ('s003', 'w003', 'c035', 25);
INSERT IGNORE INTO allocate (supermarket_Id, warehouse_Id, commodity_Id, allocate_Amount) VALUES ('s003', 'w003', 'c045', 1);
INSERT IGNORE INTO allocate (supermarket_Id, warehouse_Id, commodity_Id, allocate_Amount) VALUES ('s003', 'w004', 'c009', 0);
INSERT IGNORE INTO allocate (supermarket_Id, warehouse_Id, commodity_Id, allocate_Amount) VALUES ('s003', 'w004', 'c010', 0);
INSERT IGNORE INTO allocate (supermarket_Id, warehouse_Id, commodity_Id, allocate_Amount) VALUES ('s003', 'w004', 'c035', 0);
INSERT IGNORE INTO allocate (supermarket_Id, warehouse_Id, commodity_Id, allocate_Amount) VALUES ('s003', 'w004', 'c045', 0);
INSERT IGNORE INTO allocate (supermarket_Id, warehouse_Id, commodity_Id, allocate_Amount) VALUES ('s003', 'w005', 'c009', 0);
INSERT IGNORE INTO allocate (supermarket_Id, warehouse_Id, commodity_Id, allocate_Amount) VALUES ('s003', 'w005', 'c010', 0);
INSERT IGNORE INTO allocate (supermarket_Id, warehouse_Id, commodity_Id, allocate_Amount) VALUES ('s003', 'w005', 'c035', 0);
INSERT IGNORE INTO allocate (supermarket_Id, warehouse_Id, commodity_Id, allocate_Amount) VALUES ('s003', 'w005', 'c045', 0);
INSERT IGNORE INTO allocate (supermarket_Id, warehouse_Id, commodity_Id, allocate_Amount) VALUES ('s004', 'w001', 'c012', 0);
INSERT IGNORE INTO allocate (supermarket_Id, warehouse_Id, commodity_Id, allocate_Amount) VALUES ('s004', 'w001', 'c013', 0);
INSERT IGNORE INTO allocate (supermarket_Id, warehouse_Id, commodity_Id, allocate_Amount) VALUES ('s004', 'w001', 'c036', 0);
INSERT IGNORE INTO allocate (supermarket_Id, warehouse_Id, commodity_Id, allocate_Amount) VALUES ('s004', 'w001', 'c046', 0);
INSERT IGNORE INTO allocate (supermarket_Id, warehouse_Id, commodity_Id, allocate_Amount) VALUES ('s004', 'w002', 'c012', 0);
INSERT IGNORE INTO allocate (supermarket_Id, warehouse_Id, commodity_Id, allocate_Amount) VALUES ('s004', 'w002', 'c013', 0);
INSERT IGNORE INTO allocate (supermarket_Id, warehouse_Id, commodity_Id, allocate_Amount) VALUES ('s004', 'w002', 'c036', 0);
INSERT IGNORE INTO allocate (supermarket_Id, warehouse_Id, commodity_Id, allocate_Amount) VALUES ('s004', 'w002', 'c046', 0);
INSERT IGNORE INTO allocate (supermarket_Id, warehouse_Id, commodity_Id, allocate_Amount) VALUES ('s004', 'w003', 'c012', 0);
INSERT IGNORE INTO allocate (supermarket_Id, warehouse_Id, commodity_Id, allocate_Amount) VALUES ('s004', 'w003', 'c013', 0);
INSERT IGNORE INTO allocate (supermarket_Id, warehouse_Id, commodity_Id, allocate_Amount) VALUES ('s004', 'w003', 'c036', 0);
INSERT IGNORE INTO allocate (supermarket_Id, warehouse_Id, commodity_Id, allocate_Amount) VALUES ('s004', 'w003', 'c046', 0);
INSERT IGNORE INTO allocate (supermarket_Id, warehouse_Id, commodity_Id, allocate_Amount) VALUES ('s004', 'w004', 'c012', 30);
INSERT IGNORE INTO allocate (supermarket_Id, warehouse_Id, commodity_Id, allocate_Amount) VALUES ('s004', 'w004', 'c013', 20);
INSERT IGNORE INTO allocate (supermarket_Id, warehouse_Id, commodity_Id, allocate_Amount) VALUES ('s004', 'w004', 'c036', 20);
INSERT IGNORE INTO allocate (supermarket_Id, warehouse_Id, commodity_Id, allocate_Amount) VALUES ('s004', 'w004', 'c046', 50);
INSERT IGNORE INTO allocate (supermarket_Id, warehouse_Id, commodity_Id, allocate_Amount) VALUES ('s004', 'w005', 'c012', 0);
INSERT IGNORE INTO allocate (supermarket_Id, warehouse_Id, commodity_Id, allocate_Amount) VALUES ('s004', 'w005', 'c013', 0);
INSERT IGNORE INTO allocate (supermarket_Id, warehouse_Id, commodity_Id, allocate_Amount) VALUES ('s004', 'w005', 'c036', 0);
INSERT IGNORE INTO allocate (supermarket_Id, warehouse_Id, commodity_Id, allocate_Amount) VALUES ('s004', 'w005', 'c046', 0);
INSERT IGNORE INTO allocate (supermarket_Id, warehouse_Id, commodity_Id, allocate_Amount) VALUES ('s005', 'w001', 'c015', 0);
INSERT IGNORE INTO allocate (supermarket_Id, warehouse_Id, commodity_Id, allocate_Amount) VALUES ('s005', 'w001', 'c016', 0);
INSERT IGNORE INTO allocate (supermarket_Id, warehouse_Id, commodity_Id, allocate_Amount) VALUES ('s005', 'w001', 'c037', 0);
INSERT IGNORE INTO allocate (supermarket_Id, warehouse_Id, commodity_Id, allocate_Amount) VALUES ('s005', 'w001', 'c047', 0);
INSERT IGNORE INTO allocate (supermarket_Id, warehouse_Id, commodity_Id, allocate_Amount) VALUES ('s005', 'w002', 'c015', 0);
INSERT IGNORE INTO allocate (supermarket_Id, warehouse_Id, commodity_Id, allocate_Amount) VALUES ('s005', 'w002', 'c016', 0);
INSERT IGNORE INTO allocate (supermarket_Id, warehouse_Id, commodity_Id, allocate_Amount) VALUES ('s005', 'w002', 'c037', 0);
INSERT IGNORE INTO allocate (supermarket_Id, warehouse_Id, commodity_Id, allocate_Amount) VALUES ('s005', 'w002', 'c047', 0);
INSERT IGNORE INTO allocate (supermarket_Id, warehouse_Id, commodity_Id, allocate_Amount) VALUES ('s005', 'w003', 'c015', 0);
INSERT IGNORE INTO allocate (supermarket_Id, warehouse_Id, commodity_Id, allocate_Amount) VALUES ('s005', 'w003', 'c016', 0);
INSERT IGNORE INTO allocate (supermarket_Id, warehouse_Id, commodity_Id, allocate_Amount) VALUES ('s005', 'w003', 'c037', 0);
INSERT IGNORE INTO allocate (supermarket_Id, warehouse_Id, commodity_Id, allocate_Amount) VALUES ('s005', 'w003', 'c047', 0);
INSERT IGNORE INTO allocate (supermarket_Id, warehouse_Id, commodity_Id, allocate_Amount) VALUES ('s005', 'w004', 'c015', 0);
INSERT IGNORE INTO allocate (supermarket_Id, warehouse_Id, commodity_Id, allocate_Amount) VALUES ('s005', 'w004', 'c016', 0);
INSERT IGNORE INTO allocate (supermarket_Id, warehouse_Id, commodity_Id, allocate_Amount) VALUES ('s005', 'w004', 'c037', 0);
INSERT IGNORE INTO allocate (supermarket_Id, warehouse_Id, commodity_Id, allocate_Amount) VALUES ('s005', 'w004', 'c047', 0);
INSERT IGNORE INTO allocate (supermarket_Id, warehouse_Id, commodity_Id, allocate_Amount) VALUES ('s005', 'w005', 'c015', 25);
INSERT IGNORE INTO allocate (supermarket_Id, warehouse_Id, commodity_Id, allocate_Amount) VALUES ('s005', 'w005', 'c016', 15);
INSERT IGNORE INTO allocate (supermarket_Id, warehouse_Id, commodity_Id, allocate_Amount) VALUES ('s005', 'w005', 'c037', 15);
INSERT IGNORE INTO allocate (supermarket_Id, warehouse_Id, commodity_Id, allocate_Amount) VALUES ('s005', 'w005', 'c047', 40);
INSERT IGNORE INTO allocate (supermarket_Id, warehouse_Id, commodity_Id, allocate_Amount) VALUES ('s006', 'w001', 'c018', 0);
INSERT IGNORE INTO allocate (supermarket_Id, warehouse_Id, commodity_Id, allocate_Amount) VALUES ('s006', 'w001', 'c019', 0);
INSERT IGNORE INTO allocate (supermarket_Id, warehouse_Id, commodity_Id, allocate_Amount) VALUES ('s006', 'w001', 'c038', 0);
INSERT IGNORE INTO allocate (supermarket_Id, warehouse_Id, commodity_Id, allocate_Amount) VALUES ('s006', 'w001', 'c048', 0);
INSERT IGNORE INTO allocate (supermarket_Id, warehouse_Id, commodity_Id, allocate_Amount) VALUES ('s006', 'w002', 'c018', 0);
INSERT IGNORE INTO allocate (supermarket_Id, warehouse_Id, commodity_Id, allocate_Amount) VALUES ('s006', 'w002', 'c019', 0);
INSERT IGNORE INTO allocate (supermarket_Id, warehouse_Id, commodity_Id, allocate_Amount) VALUES ('s006', 'w002', 'c038', 0);
INSERT IGNORE INTO allocate (supermarket_Id, warehouse_Id, commodity_Id, allocate_Amount) VALUES ('s006', 'w002', 'c048', 0);
INSERT IGNORE INTO allocate (supermarket_Id, warehouse_Id, commodity_Id, allocate_Amount) VALUES ('s006', 'w003', 'c018', 0);
INSERT IGNORE INTO allocate (supermarket_Id, warehouse_Id, commodity_Id, allocate_Amount) VALUES ('s006', 'w003', 'c019', 0);
INSERT IGNORE INTO allocate (supermarket_Id, warehouse_Id, commodity_Id, allocate_Amount) VALUES ('s006', 'w003', 'c038', 0);
INSERT IGNORE INTO allocate (supermarket_Id, warehouse_Id, commodity_Id, allocate_Amount) VALUES ('s006', 'w003', 'c048', 0);
INSERT IGNORE INTO allocate (supermarket_Id, warehouse_Id, commodity_Id, allocate_Amount) VALUES ('s006', 'w004', 'c018', 0);
INSERT IGNORE INTO allocate (supermarket_Id, warehouse_Id, commodity_Id, allocate_Amount) VALUES ('s006', 'w004', 'c019', 0);
INSERT IGNORE INTO allocate (supermarket_Id, warehouse_Id, commodity_Id, allocate_Amount) VALUES ('s006', 'w004', 'c038', 0);
INSERT IGNORE INTO allocate (supermarket_Id, warehouse_Id, commodity_Id, allocate_Amount) VALUES ('s006', 'w004', 'c048', 0);
INSERT IGNORE INTO allocate (supermarket_Id, warehouse_Id, commodity_Id, allocate_Amount) VALUES ('s006', 'w005', 'c018', 10);
INSERT IGNORE INTO allocate (supermarket_Id, warehouse_Id, commodity_Id, allocate_Amount) VALUES ('s006', 'w005', 'c019', 8);
INSERT IGNORE INTO allocate (supermarket_Id, warehouse_Id, commodity_Id, allocate_Amount) VALUES ('s006', 'w005', 'c038', 10);
INSERT IGNORE INTO allocate (supermarket_Id, warehouse_Id, commodity_Id, allocate_Amount) VALUES ('s006', 'w005', 'c048', 30);
INSERT IGNORE INTO allocate (supermarket_Id, warehouse_Id, commodity_Id, allocate_Amount) VALUES ('s007', 'w001', 'c021', 0);
INSERT IGNORE INTO allocate (supermarket_Id, warehouse_Id, commodity_Id, allocate_Amount) VALUES ('s007', 'w001', 'c022', 0);
INSERT IGNORE INTO allocate (supermarket_Id, warehouse_Id, commodity_Id, allocate_Amount) VALUES ('s007', 'w001', 'c039', 0);
INSERT IGNORE INTO allocate (supermarket_Id, warehouse_Id, commodity_Id, allocate_Amount) VALUES ('s007', 'w001', 'c049', 0);
INSERT IGNORE INTO allocate (supermarket_Id, warehouse_Id, commodity_Id, allocate_Amount) VALUES ('s007', 'w002', 'c021', 0);
INSERT IGNORE INTO allocate (supermarket_Id, warehouse_Id, commodity_Id, allocate_Amount) VALUES ('s007', 'w002', 'c022', 0);
INSERT IGNORE INTO allocate (supermarket_Id, warehouse_Id, commodity_Id, allocate_Amount) VALUES ('s007', 'w002', 'c039', 0);
INSERT IGNORE INTO allocate (supermarket_Id, warehouse_Id, commodity_Id, allocate_Amount) VALUES ('s007', 'w002', 'c049', 0);
INSERT IGNORE INTO allocate (supermarket_Id, warehouse_Id, commodity_Id, allocate_Amount) VALUES ('s007', 'w003', 'c021', 0);
INSERT IGNORE INTO allocate (supermarket_Id, warehouse_Id, commodity_Id, allocate_Amount) VALUES ('s007', 'w003', 'c022', 0);
INSERT IGNORE INTO allocate (supermarket_Id, warehouse_Id, commodity_Id, allocate_Amount) VALUES ('s007', 'w003', 'c039', 0);
INSERT IGNORE INTO allocate (supermarket_Id, warehouse_Id, commodity_Id, allocate_Amount) VALUES ('s007', 'w003', 'c049', 0);
INSERT IGNORE INTO allocate (supermarket_Id, warehouse_Id, commodity_Id, allocate_Amount) VALUES ('s007', 'w004', 'c021', 0);
INSERT IGNORE INTO allocate (supermarket_Id, warehouse_Id, commodity_Id, allocate_Amount) VALUES ('s007', 'w004', 'c022', 0);
INSERT IGNORE INTO allocate (supermarket_Id, warehouse_Id, commodity_Id, allocate_Amount) VALUES ('s007', 'w004', 'c039', 0);
INSERT IGNORE INTO allocate (supermarket_Id, warehouse_Id, commodity_Id, allocate_Amount) VALUES ('s007', 'w004', 'c049', 0);
INSERT IGNORE INTO allocate (supermarket_Id, warehouse_Id, commodity_Id, allocate_Amount) VALUES ('s007', 'w005', 'c021', 100);
INSERT IGNORE INTO allocate (supermarket_Id, warehouse_Id, commodity_Id, allocate_Amount) VALUES ('s007', 'w005', 'c022', 80);
INSERT IGNORE INTO allocate (supermarket_Id, warehouse_Id, commodity_Id, allocate_Amount) VALUES ('s007', 'w005', 'c039', 8);
INSERT IGNORE INTO allocate (supermarket_Id, warehouse_Id, commodity_Id, allocate_Amount) VALUES ('s007', 'w005', 'c049', 20);
INSERT IGNORE INTO allocate (supermarket_Id, warehouse_Id, commodity_Id, allocate_Amount) VALUES ('s008', 'w001', 'c024', 0);
INSERT IGNORE INTO allocate (supermarket_Id, warehouse_Id, commodity_Id, allocate_Amount) VALUES ('s008', 'w001', 'c025', 0);
INSERT IGNORE INTO allocate (supermarket_Id, warehouse_Id, commodity_Id, allocate_Amount) VALUES ('s008', 'w001', 'c040', 0);
INSERT IGNORE INTO allocate (supermarket_Id, warehouse_Id, commodity_Id, allocate_Amount) VALUES ('s008', 'w001', 'c050', 0);
INSERT IGNORE INTO allocate (supermarket_Id, warehouse_Id, commodity_Id, allocate_Amount) VALUES ('s008', 'w002', 'c024', 0);
INSERT IGNORE INTO allocate (supermarket_Id, warehouse_Id, commodity_Id, allocate_Amount) VALUES ('s008', 'w002', 'c025', 0);
INSERT IGNORE INTO allocate (supermarket_Id, warehouse_Id, commodity_Id, allocate_Amount) VALUES ('s008', 'w002', 'c040', 0);
INSERT IGNORE INTO allocate (supermarket_Id, warehouse_Id, commodity_Id, allocate_Amount) VALUES ('s008', 'w002', 'c050', 0);
INSERT IGNORE INTO allocate (supermarket_Id, warehouse_Id, commodity_Id, allocate_Amount) VALUES ('s008', 'w003', 'c024', 0);
INSERT IGNORE INTO allocate (supermarket_Id, warehouse_Id, commodity_Id, allocate_Amount) VALUES ('s008', 'w003', 'c025', 0);
INSERT IGNORE INTO allocate (supermarket_Id, warehouse_Id, commodity_Id, allocate_Amount) VALUES ('s008', 'w003', 'c040', 0);
INSERT IGNORE INTO allocate (supermarket_Id, warehouse_Id, commodity_Id, allocate_Amount) VALUES ('s008', 'w003', 'c050', 0);
INSERT IGNORE INTO allocate (supermarket_Id, warehouse_Id, commodity_Id, allocate_Amount) VALUES ('s008', 'w004', 'c024', 0);
INSERT IGNORE INTO allocate (supermarket_Id, warehouse_Id, commodity_Id, allocate_Amount) VALUES ('s008', 'w004', 'c025', 0);
INSERT IGNORE INTO allocate (supermarket_Id, warehouse_Id, commodity_Id, allocate_Amount) VALUES ('s008', 'w004', 'c040', 0);
INSERT IGNORE INTO allocate (supermarket_Id, warehouse_Id, commodity_Id, allocate_Amount) VALUES ('s008', 'w004', 'c050', 0);
INSERT IGNORE INTO allocate (supermarket_Id, warehouse_Id, commodity_Id, allocate_Amount) VALUES ('s008', 'w005', 'c024', 50);
INSERT IGNORE INTO allocate (supermarket_Id, warehouse_Id, commodity_Id, allocate_Amount) VALUES ('s008', 'w005', 'c025', 40);
INSERT IGNORE INTO allocate (supermarket_Id, warehouse_Id, commodity_Id, allocate_Amount) VALUES ('s008', 'w005', 'c040', 6);
INSERT IGNORE INTO allocate (supermarket_Id, warehouse_Id, commodity_Id, allocate_Amount) VALUES ('s008', 'w005', 'c050', 10);
INSERT IGNORE INTO allocate (supermarket_Id, warehouse_Id, commodity_Id, allocate_Amount) VALUES ('s009', 'w001', 'c027', 0);
INSERT IGNORE INTO allocate (supermarket_Id, warehouse_Id, commodity_Id, allocate_Amount) VALUES ('s009', 'w001', 'c028', 0);
INSERT IGNORE INTO allocate (supermarket_Id, warehouse_Id, commodity_Id, allocate_Amount) VALUES ('s009', 'w001', 'c029', 0);
INSERT IGNORE INTO allocate (supermarket_Id, warehouse_Id, commodity_Id, allocate_Amount) VALUES ('s009', 'w001', 'c041', 0);
INSERT IGNORE INTO allocate (supermarket_Id, warehouse_Id, commodity_Id, allocate_Amount) VALUES ('s009', 'w002', 'c027', 0);
INSERT IGNORE INTO allocate (supermarket_Id, warehouse_Id, commodity_Id, allocate_Amount) VALUES ('s009', 'w002', 'c028', 0);
INSERT IGNORE INTO allocate (supermarket_Id, warehouse_Id, commodity_Id, allocate_Amount) VALUES ('s009', 'w002', 'c029', 0);
INSERT IGNORE INTO allocate (supermarket_Id, warehouse_Id, commodity_Id, allocate_Amount) VALUES ('s009', 'w002', 'c041', 0);
INSERT IGNORE INTO allocate (supermarket_Id, warehouse_Id, commodity_Id, allocate_Amount) VALUES ('s009', 'w003', 'c027', 0);
INSERT IGNORE INTO allocate (supermarket_Id, warehouse_Id, commodity_Id, allocate_Amount) VALUES ('s009', 'w003', 'c028', 0);
INSERT IGNORE INTO allocate (supermarket_Id, warehouse_Id, commodity_Id, allocate_Amount) VALUES ('s009', 'w003', 'c029', 0);
INSERT IGNORE INTO allocate (supermarket_Id, warehouse_Id, commodity_Id, allocate_Amount) VALUES ('s009', 'w003', 'c041', 0);
INSERT IGNORE INTO allocate (supermarket_Id, warehouse_Id, commodity_Id, allocate_Amount) VALUES ('s009', 'w004', 'c027', 0);
INSERT IGNORE INTO allocate (supermarket_Id, warehouse_Id, commodity_Id, allocate_Amount) VALUES ('s009', 'w004', 'c028', 0);
INSERT IGNORE INTO allocate (supermarket_Id, warehouse_Id, commodity_Id, allocate_Amount) VALUES ('s009', 'w004', 'c029', 0);
INSERT IGNORE INTO allocate (supermarket_Id, warehouse_Id, commodity_Id, allocate_Amount) VALUES ('s009', 'w004', 'c041', 0);
INSERT IGNORE INTO allocate (supermarket_Id, warehouse_Id, commodity_Id, allocate_Amount) VALUES ('s009', 'w005', 'c027', 30);
INSERT IGNORE INTO allocate (supermarket_Id, warehouse_Id, commodity_Id, allocate_Amount) VALUES ('s009', 'w005', 'c028', 20);
INSERT IGNORE INTO allocate (supermarket_Id, warehouse_Id, commodity_Id, allocate_Amount) VALUES ('s009', 'w005', 'c029', 15);
INSERT IGNORE INTO allocate (supermarket_Id, warehouse_Id, commodity_Id, allocate_Amount) VALUES ('s009', 'w005', 'c041', 5);
INSERT IGNORE INTO allocate (supermarket_Id, warehouse_Id, commodity_Id, allocate_Amount) VALUES ('s010', 'w001', 'c030', 0);
INSERT IGNORE INTO allocate (supermarket_Id, warehouse_Id, commodity_Id, allocate_Amount) VALUES ('s010', 'w001', 'c031', 0);
INSERT IGNORE INTO allocate (supermarket_Id, warehouse_Id, commodity_Id, allocate_Amount) VALUES ('s010', 'w001', 'c032', 0);
INSERT IGNORE INTO allocate (supermarket_Id, warehouse_Id, commodity_Id, allocate_Amount) VALUES ('s010', 'w001', 'c042', 0);
INSERT IGNORE INTO allocate (supermarket_Id, warehouse_Id, commodity_Id, allocate_Amount) VALUES ('s010', 'w002', 'c030', 0);
INSERT IGNORE INTO allocate (supermarket_Id, warehouse_Id, commodity_Id, allocate_Amount) VALUES ('s010', 'w002', 'c031', 0);
INSERT IGNORE INTO allocate (supermarket_Id, warehouse_Id, commodity_Id, allocate_Amount) VALUES ('s010', 'w002', 'c032', 0);
INSERT IGNORE INTO allocate (supermarket_Id, warehouse_Id, commodity_Id, allocate_Amount) VALUES ('s010', 'w002', 'c042', 0);
INSERT IGNORE INTO allocate (supermarket_Id, warehouse_Id, commodity_Id, allocate_Amount) VALUES ('s010', 'w003', 'c030', 0);
INSERT IGNORE INTO allocate (supermarket_Id, warehouse_Id, commodity_Id, allocate_Amount) VALUES ('s010', 'w003', 'c031', 0);
INSERT IGNORE INTO allocate (supermarket_Id, warehouse_Id, commodity_Id, allocate_Amount) VALUES ('s010', 'w003', 'c032', 0);
INSERT IGNORE INTO allocate (supermarket_Id, warehouse_Id, commodity_Id, allocate_Amount) VALUES ('s010', 'w003', 'c042', 0);
INSERT IGNORE INTO allocate (supermarket_Id, warehouse_Id, commodity_Id, allocate_Amount) VALUES ('s010', 'w004', 'c030', 0);
INSERT IGNORE INTO allocate (supermarket_Id, warehouse_Id, commodity_Id, allocate_Amount) VALUES ('s010', 'w004', 'c031', 0);
INSERT IGNORE INTO allocate (supermarket_Id, warehouse_Id, commodity_Id, allocate_Amount) VALUES ('s010', 'w004', 'c032', 0);
INSERT IGNORE INTO allocate (supermarket_Id, warehouse_Id, commodity_Id, allocate_Amount) VALUES ('s010', 'w004', 'c042', 0);
INSERT IGNORE INTO allocate (supermarket_Id, warehouse_Id, commodity_Id, allocate_Amount) VALUES ('s010', 'w005', 'c030', 10);
INSERT IGNORE INTO allocate (supermarket_Id, warehouse_Id, commodity_Id, allocate_Amount) VALUES ('s010', 'w005', 'c031', 8);
INSERT IGNORE INTO allocate (supermarket_Id, warehouse_Id, commodity_Id, allocate_Amount) VALUES ('s010', 'w005', 'c032', 5);
INSERT IGNORE INTO allocate (supermarket_Id, warehouse_Id, commodity_Id, allocate_Amount) VALUES ('s010', 'w005', 'c042', 4);

-- transaction_record
INSERT IGNORE INTO transaction_record (transid, supermarket_id, commodity_id, quantity, totalPrice, memberId, saleTime) VALUES ('T20260115001', 's001', 'c001', 2, 20, 'm001', '2026-01-15 09:30:00');
INSERT IGNORE INTO transaction_record (transid, supermarket_id, commodity_id, quantity, totalPrice, memberId, saleTime) VALUES ('T20260115002', 's002', 'c002', 1, 15.5, NULL, '2026-01-15 10:15:00');
INSERT IGNORE INTO transaction_record (transid, supermarket_id, commodity_id, quantity, totalPrice, memberId, saleTime) VALUES ('T20260115003', 's001', 'c003', 3, 45, 'm002', '2026-01-15 14:20:00');

